-- Insert statements for populating the frescos database
-- Insert statements for populating the frescos database

-- Insert statements of localities
INSERT INTO `frescos`.`localities` (`id`, `locality`, `province`, `country`) VALUES
(1, 'Buenos Aires', 'Buenos Aires', 'Argentina'),
(2, 'Córdoba', 'Córdoba', 'Argentina'),
(3, 'Rosario', 'Santa Fe', 'Argentina'),
(4, 'Mendoza', 'Mendoza', 'Argentina'),
(5, 'La Plata', 'Buenos Aires', 'Argentina'),
(6, 'Barranquilla', 'Atlántico', 'Colombia'),
(7, 'Cartagena', 'Bolívar', 'Colombia'),
(8, 'Medellín', 'Antioquia', 'Colombia'),
(9, 'Bogotá', 'Cundinamarca', 'Colombia'),
(10, 'Cali', 'Valle del Cauca', 'Colombia'),
(11, 'Guadalajara', 'Jalisco', 'México'),
(12, 'Monterrey', 'Nuevo León', 'México'),
(13, 'Ciudad de México', 'Ciudad de México', 'México'),
(14, 'Puebla', 'Puebla', 'México'),
(15, 'Tijuana', 'Baja California', 'México'),
(16, 'Quilmes', 'Buenos Aires', 'Argentina'),
(17, 'Santo Domingo', 'Valle del Cauca', 'Colombia'),
(18, 'San Salvador', 'San Salvador', 'México'),
(19, 'Santa Fe', 'Santa Fe', 'Argentina'),
(20, 'Cúcuta', 'Norte de Santander', 'Colombia');

-- Insert statements of sellers
INSERT INTO `sellers` (`id`, `name`, `address`, `telephone`, `locality_id`) VALUES
(1, 'Compañía A', 'Calle Falsa 123, Buenos Aires', '1122334455', 1),
(2, 'Compañía B', 'Avenida Siempre Viva 742, Córdoba', '2233445566', 2),
(3, 'Compañía C', 'Paseo de la Reforma 456, Rosario', '3344556677', 3),
(4, 'Compañía D', 'Calle de la Paz 789, Mendoza', '4455667788', 4),
(5, 'Compañía E', 'Calle Independencia 321, La Plata', '5566778899', 5),
(6, 'Compañía F', 'Carrera 70 #20-5, Barranquilla', '6677889900', 6),
(7, 'Compañía G', 'Calle Real 25, Cartagena', '7788990011', 7),
(8, 'Compañía H', 'Calle 50 #30-10, Medellín', '8899001122', 8),
(9, 'Compañía I', 'Carrera 7 #32-12, Bogotá', '9900112233', 9),
(10, 'Compañía J', 'Avenida 6 #25-4, Cali', '1012233445', 10),
(11, 'Compañía K', 'Calle 12 #2-3, Guadalajara', '1212345678', 11),
(12, 'Compañía L', 'Avenida Juárez 59, Monterrey', '1312456789', 12),
(13, 'Compañía M', 'Paseo de la Reforma 123, Ciudad de México', '1412567890', 13),
(14, 'Compañía N', 'Calle de la Paz 456, Puebla', '1512678901', 14),
(15, 'Compañía O', 'Calle del Sol 789, Tijuana', '1612789012', 15),
(16, 'Compañía P', 'Avenida Libertad 123, Quilmes', '1712890123', 16),
(17, 'Compañía Q', 'Carrera 5 #10-20, Santo Domingo', '1812901234', 17),
(18, 'Compañía R', 'Calle 9 #15-30, San Salvador', '1913012345', 18),
(19, 'Compañía S', 'Avenida Cero 78, Santa Fe', '2023123456', 19),
(20, 'Compañía T', 'Calle América 42, Cúcuta', '2123234567', 20),
(21, 'Compañía U', 'Calle de los Vendedores 101, Buenos Aires', '2223345678', 1),
(22, 'Compañía V', 'Avenida del Río 102, Córdoba', '2324456789', 2),
(23, 'Compañía W', 'Paseo del Mercado 103, Rosario', '2425567890', 3),
(24, 'Compañía X', 'Calle Verde 104, Mendoza', '2526678901', 4),
(25, 'Compañía Y', 'Calle del Lago 105, La Plata', '2627789012', 5),
(26, 'Compañía Z', 'Carrera 11 #50-1, Barranquilla', '2728890123', 6),
(27, 'Compañía AA', 'Calle del Mar 106, Cartagena', '2829901234', 7),
(28, 'Compañía AB', 'Calle 9 #69-1, Medellín', '2930012345', 8),
(29, 'Compañía AC', 'Carrera 15 #73-12, Bogotá', '3041123456', 9),
(30, 'Compañía AD', 'Avenida 1 #20-1, Cali', '3152233445', 10),
(31, 'Compañía AE', 'Calle de Arte 107, Guadalajara', '3263345678', 11),
(32, 'Compañía AF', 'Avenida de los Mártires 108, Monterrey', '3374456789', 12),
(33, 'Compañía AG', 'Calle del Sol 109, Ciudad de México', '3485567890', 13),
(34, 'Compañía AH', 'Calle de la Libertad 110, Puebla', '3596678901', 14),
(35, 'Compañía AI', 'Calle de la Paz 111, Tijuana', '3607789012', 15),
(36, 'Compañía AJ', 'Calle Templanza 112, Quilmes', '3718890123', 16),
(37, 'Compañía AK', 'Calle de la Esperanza 113, Santo Domingo', '3829901234', 17),
(38, 'Compañía AL', 'Calle del Amor 114, San Salvador', '3930012345', 18),
(39, 'Compañía AM', 'Avenida de la Amistad 115, Santa Fe', '4041123456', 19),
(40, 'Compañía AN', 'Calle del Encuentro 116, Cúcuta', '4152234567', 20),
(41, 'Compañía AO', 'Calle de la Montaña 117, Buenos Aires', '4263345678', 1),
(42, 'Compañía AP', 'Avenida de la Alegría 118, Córdoba', '4374456789', 2),
(43, 'Compañía AQ', 'Paseo de los Ríos 119, Rosario', '4485567890', 3),
(44, 'Compañía AR', 'Calle del Horizonte 120, Mendoza', '4596678901', 4),
(45, 'Compañía AS', 'Calle del Recuerdo 121, La Plata', '4707789012', 5),
(46, 'Compañía AT', 'Carrera 20 #85-3, Barranquilla', '4818890123', 6),
(47, 'Compañía AU', 'Calle del Manantial 122, Cartagena', '4929901234', 7),
(48, 'Compañía AV', 'Calle de los Talentos 123, Medellín', '5030012345', 8),
(49, 'Compañía AW', 'Carrera 10 #5-8, Bogotá', '5141123456', 9),
(50, 'Compañía AX', 'Avenida del Futuro 124, Cali', '5252234567', 10);

-- Insert statement for warehouses;

INSERT INTO `warehouses` (`id`, `address`, `telephone`, `warehouse_code`, `minimum_capacity`, `minimum_temperature`,
                          `locality_id`)
VALUES (1, '123 Main St', '555-0001', 'WCODE1', 100, 5, 1),
       (2, '456 Elm St', '555-0002', 'WCODE2', 200, 10, 1),
       (3, '789 Oak St', '555-0003', 'WCODE3', 150, 5, 2),
       (4, '321 Pine St', '555-0004', 'WCODE4', 250, -2, 2),
       (5, '654 Maple St', '555-0005', 'WCODE5', 300, -5, 3),
       (6, '987 Cedar St', '555-0006', 'WCODE6', 400, 0, 3),
       (7, '159 Birch St', '555-0007', 'WCODE7', 175, 5, 4),
       (8, '246 Spruce St', '555-0008', 'WCODE8', 225, 10, 4),
       (9, '369 Willow St', '555-0009', 'WCODE9', 180, 15, 5),
       (10, '753 Fir St', '555-0010', 'WCODE10', 320, 7, 1),
       (11, '852 Chestnut St', '555-0011', 'WCODE11', 140, 6, 1),
       (12, '951 Walnut St', '555-0012', 'WCODE12', 290, 8, 2),
       (13, '159 Ash St', '555-0013', 'WCODE13', 130, 4, 2),
       (14, '258 Poplar St', '555-0014', 'WCODE14', 210, 12, 3),
       (15, '357 Palm St', '555-0015', 'WCODE15', 170, 9, 3),
       (16, '456 Larch St', '555-0016', 'WCODE16', 230, 1, 4),
       (17, '567 Hemlock St', '555-0017', 'WCODE17', 190, 14, 4),
       (18, '678 Sycamore St', '555-0018', 'WCODE18', 160, 11, 5),
       (19, '789 Maplewood St', '555-0019', 'WCODE19', 280, 3, 5),
       (20, '890 River St', '555-0020', 'WCODE20', 340, 2, 1);

-- Insert statement for employee
INSERT INTO `employees` (`id`, `card_number_id`, `first_name`, `last_name`, `warehouses_id`) VALUES
(1, 'C0001', 'John', 'Doe', 1),
(2, 'C0002', 'Jane', 'Smith', 1),
(3, 'C0003', 'Alice', 'Johnson', 2),
(4, 'C0004', 'Bob', 'Brown', 2),
(5, 'C0005', 'Charlie', 'Davis', 3),
(6, 'C0006', 'Diana', 'Miller', 3),
(7, 'C0007', 'Evan', 'Wilson', 4),
(8, 'C0008', 'Fiona', 'Taylor', 4),
(9, 'C0009', 'George', 'Anderson', 5),
(10, 'C0010', 'Hannah', 'Thomas', 5),
(11, 'C0011', 'Isaac', 'Jackson', 1),
(12, 'C0012', 'Julia', 'White', 1),
(13, 'C0013', 'Kyle', 'Harris', 2),
(14, 'C0014', 'Laura', 'Martin', 2),
(15, 'C0015', 'Michael', 'Thompson', 3),
(16, 'C0016', 'Nina', 'Garcia', 3),
(17, 'C0017', 'Oscar', 'Martinez', 4),
(18, 'C0018', 'Pam', 'Robinson', 4),
(19, 'C0019', 'Quinn', 'Clark', 5),
(20, 'C0020', 'Ryan', 'Rodriguez', 5),
(21, 'C0021', 'Sophia', 'Lewis', 1),
(22, 'C0022', 'Tom', 'Lee', 1),
(23, 'C0023', 'Uma', 'Walker', 2),
(24, 'C0024', 'Victor', 'Hall', 2),
(25, 'C0025', 'Wendy', 'Allen', 3),
(26, 'C0026', 'Xander', 'Young', 3),
(27, 'C0027', 'Yara', 'Hernandez', 4),
(28, 'C0028', 'Zach', 'King', 4),
(29, 'C0029', 'Amy', 'Wright', 5),
(30, 'C0030', 'Brian', 'Scott', 1),
(31, 'C0031', 'Clara', 'Adams', 1),
(32, 'C0032', 'Daniel', 'Baker', 2),
(33, 'C0033', 'Ella', 'Gonzalez', 2),
(34, 'C0034', 'Frank', 'Nelson', 3),
(35, 'C0035', 'Grace', 'Carter', 3),
(36, 'C0036', 'Henry', 'Mitchell', 4),
(37, 'C0037', 'Ivy', 'Perez', 4),
(38, 'C0038', 'Jack', 'Roberts', 5),
(39, 'C0039', 'Kathy', 'Turner', 5),
(40, 'C0040', 'Liam', 'Phillips', 1),
(41, 'C0041', 'Mia', 'Campbell', 1),
(42, 'C0042', 'Noah', 'Parker', 2),
(43, 'C0043', 'Olivia', 'Evans', 2),
(44, 'C0044', 'Paul', 'Edwards', 3),
(45, 'C0045', 'Quincy', 'Collins', 3),
(46, 'C0046', 'Rose', 'Stewart', 4),
(47, 'C0047', 'Sam', 'Sanchez', 4),
(48, 'C0048', 'Tina', 'Morris', 5),
(49, 'C0049', 'Ulysses', 'Rogers', 5),
(50, 'C0050', 'Vera', 'Reed', 1);

